<ImportExportXml version="9.2.22094.198" SolutionPackageVersion="9.2" languagecode="1033" generatedBy="CrmLive" xmlns:xsi="http://www.w3.org/2001/XMLSchema-instance">
  <SolutionManifest>
    <UniqueName>SINApplication</UniqueName>
    <LocalizedNames>
      <LocalizedName description="SIN  Application" languagecode="1033" />
      <LocalizedName description="Demande de NAS" languagecode="1036" />
    </LocalizedNames>
    <Descriptions />
    <Version>1.0.0.1</Version>
    <Managed>1</Managed>
    <Publisher>
      <UniqueName>SINApplication</UniqueName>
      <LocalizedNames>
        <LocalizedName description="SINApplication" languagecode="1033" />
        <LocalizedName description="Demande de NAS" languagecode="1036" />
      </LocalizedNames>
      <Descriptions />
      <EMailAddress xsi:nil="true"></EMailAddress>
      <SupportingWebsiteUrl xsi:nil="true"></SupportingWebsiteUrl>
      <CustomizationPrefix>sin</CustomizationPrefix>
      <CustomizationOptionValuePrefix>92104</CustomizationOptionValuePrefix>
      <Addresses>
        <Address>
          <AddressNumber>1</AddressNumber>
          <AddressTypeCode>1</AddressTypeCode>
          <City xsi:nil="true"></City>
          <County xsi:nil="true"></County>
          <Country xsi:nil="true"></Country>
          <Fax xsi:nil="true"></Fax>
          <FreightTermsCode xsi:nil="true"></FreightTermsCode>
          <ImportSequenceNumber xsi:nil="true"></ImportSequenceNumber>
          <Latitude xsi:nil="true"></Latitude>
          <Line1 xsi:nil="true"></Line1>
          <Line2 xsi:nil="true"></Line2>
          <Line3 xsi:nil="true"></Line3>
          <Longitude xsi:nil="true"></Longitude>
          <Name xsi:nil="true"></Name>
          <PostalCode xsi:nil="true"></PostalCode>
          <PostOfficeBox xsi:nil="true"></PostOfficeBox>
          <PrimaryContactName xsi:nil="true"></PrimaryContactName>
          <ShippingMethodCode>1</ShippingMethodCode>
          <StateOrProvince xsi:nil="true"></StateOrProvince>
          <Telephone1 xsi:nil="true"></Telephone1>
          <Telephone2 xsi:nil="true"></Telephone2>
          <Telephone3 xsi:nil="true"></Telephone3>
          <TimeZoneRuleVersionNumber xsi:nil="true"></TimeZoneRuleVersionNumber>
          <UPSZone xsi:nil="true"></UPSZone>
          <UTCOffset xsi:nil="true"></UTCOffset>
          <UTCConversionTimeZoneCode xsi:nil="true"></UTCConversionTimeZoneCode>
        </Address>
        <Address>
          <AddressNumber>2</AddressNumber>
          <AddressTypeCode>1</AddressTypeCode>
          <City xsi:nil="true"></City>
          <County xsi:nil="true"></County>
          <Country xsi:nil="true"></Country>
          <Fax xsi:nil="true"></Fax>
          <FreightTermsCode xsi:nil="true"></FreightTermsCode>
          <ImportSequenceNumber xsi:nil="true"></ImportSequenceNumber>
          <Latitude xsi:nil="true"></Latitude>
          <Line1 xsi:nil="true"></Line1>
          <Line2 xsi:nil="true"></Line2>
          <Line3 xsi:nil="true"></Line3>
          <Longitude xsi:nil="true"></Longitude>
          <Name xsi:nil="true"></Name>
          <PostalCode xsi:nil="true"></PostalCode>
          <PostOfficeBox xsi:nil="true"></PostOfficeBox>
          <PrimaryContactName xsi:nil="true"></PrimaryContactName>
          <ShippingMethodCode>1</ShippingMethodCode>
          <StateOrProvince xsi:nil="true"></StateOrProvince>
          <Telephone1 xsi:nil="true"></Telephone1>
          <Telephone2 xsi:nil="true"></Telephone2>
          <Telephone3 xsi:nil="true"></Telephone3>
          <TimeZoneRuleVersionNumber xsi:nil="true"></TimeZoneRuleVersionNumber>
          <UPSZone xsi:nil="true"></UPSZone>
          <UTCOffset xsi:nil="true"></UTCOffset>
          <UTCConversionTimeZoneCode xsi:nil="true"></UTCConversionTimeZoneCode>
        </Address>
      </Addresses>
    </Publisher>
    <RootComponents>
      <RootComponent type="1" schemaName="sin_applicant" behavior="0" />
      <RootComponent type="1" schemaName="sin_applicantsparent" behavior="0" />
      <RootComponent type="1" schemaName="sin_application" behavior="0" />
      <RootComponent type="1" schemaName="sin_birthplace" behavior="0" />
      <RootComponent type="1" schemaName="sin_mailingaddress" behavior="0" />
      <RootComponent type="1" schemaName="sin_socialinsurancenumber" behavior="0" />
      <RootComponent type="9" schemaName="sin_applicantsgender" behavior="0" />
      <RootComponent type="9" schemaName="sin_applicantstatus" behavior="0" />
      <RootComponent type="9" schemaName="sin_applicationstatus" behavior="0" />
      <RootComponent type="9" schemaName="sin_applicationtype" behavior="0" />
      <RootComponent type="29" id="{3a532eda-615a-ed11-9562-000d3a32c49a}" behavior="0" />
      <RootComponent type="29" id="{6909bd71-635a-ed11-9562-000d3a32c49a}" behavior="0" />
      <RootComponent type="29" id="{a7b8b6ea-c65a-ed11-9562-000d3a32c49a}" behavior="0" />
      <RootComponent type="29" id="{b1313289-645a-ed11-9562-000d3a32c49a}" behavior="0" />
      <RootComponent type="29" id="{c2c08bd9-c35a-ed11-9562-000d3a32c49a}" behavior="0" />
      <RootComponent type="62" schemaName="sin_SINApplication" behavior="0" />
      <RootComponent type="80" schemaName="sin_SINApplication" behavior="0" />
    </RootComponents>
    <MissingDependencies>
      <MissingDependency>
        <Required type="61" schemaName="msdyn_/Images/AppModule_Default_Icon.png" displayName="msdyn_/Images/AppModule_Default_Icon.png" solution="AppModuleWebResources (2.5)" />
        <Dependent type="80" schemaName="sin_SINApplication" displayName="SIN Application" />
      </MissingDependency>
      <MissingDependency>
        <Required type="66" schemaName="MscrmControls.NumberInput.NumberInputControl" displayName="MscrmControls.NumberInput.NumberInputControl" solution="BaseCustomControlsCore (9.0.2209.4015)" />
        <Dependent type="60" displayName="Information" parentDisplayName="Social Insurance Number" id="{f70743f8-89bf-4ce9-b4d0-f7644cc2837f}" />
      </MissingDependency>
      <MissingDependency>
        <Required type="66" schemaName="MscrmControls.RichTextEditor.RichTextEditorControl" displayName="MscrmControls.RichTextEditor.RichTextEditorControl" solution="msdyn_RichTextEditor (1.0.0.1998)" />
        <Dependent type="60" displayName="Information" parentDisplayName="Social Insurance Number" id="{f70743f8-89bf-4ce9-b4d0-f7644cc2837f}" />
      </MissingDependency>
    </MissingDependencies>
  </SolutionManifest>
</ImportExportXml>